{"polyfill":["/polyfill-b8a2ed3d9faff931b3bc.js"],"app":["/app-ec753c02d283381cd993.js"],"component---src-pages-data-js":["/component---src-pages-data-js-abe560e9abc8f2859b2e.js"],"component---src-pages-index-js":["/component---src-pages-index-js-911d3043bb91bfd95463.js"],"component---src-pages-links-js":["/component---src-pages-links-js-08126c2256b78bbcb335.js"],"component---src-pages-research-js":["/component---src-pages-research-js-7106fd4049ba9f6e873d.js"],"component---src-pages-resume-js":["/component---src-pages-resume-js-63274f3f2da98b6d54ed.js"]}