{"name":"build-javascript","namedChunkGroups":{"polyfill":{"name":"polyfill","assets":[{"name":"webpack-runtime-ab16f18025c0824fcdf1.js","size":5249},{"name":"polyfill-b8a2ed3d9faff931b3bc.js","size":85878}],"filteredAssets":0,"assetsSize":91127,"filteredAuxiliaryAssets":2,"auxiliaryAssetsSize":228530},"app":{"name":"app","assets":[{"name":"webpack-runtime-ab16f18025c0824fcdf1.js","size":5249},{"name":"framework-24d6cc536db523e52aae.js","size":129782},{"name":"app-ec753c02d283381cd993.js","size":104027}],"filteredAssets":0,"assetsSize":239058,"filteredAuxiliaryAssets":3,"auxiliaryAssetsSize":772624},"component---src-pages-data-js":{"name":"component---src-pages-data-js","assets":[{"name":"component---src-pages-data-js-abe560e9abc8f2859b2e.js","size":438}],"filteredAssets":0,"assetsSize":438,"filteredAuxiliaryAssets":1,"auxiliaryAssetsSize":751},"component---src-pages-index-js":{"name":"component---src-pages-index-js","assets":[{"name":"styles.75525ba40dcb3a5aaad4.css","size":8771},{"name":"69909c6e7b756019e761c541ce859e7f7241b1bd-c43449645352fc5715be.js","size":18804},{"name":"component---src-pages-index-js-911d3043bb91bfd95463.js","size":1714}],"filteredAssets":0,"assetsSize":29289,"filteredAuxiliaryAssets":3,"auxiliaryAssetsSize":282798},"component---src-pages-links-js":{"name":"component---src-pages-links-js","assets":[{"name":"styles.75525ba40dcb3a5aaad4.css","size":8771},{"name":"69909c6e7b756019e761c541ce859e7f7241b1bd-c43449645352fc5715be.js","size":18804},{"name":"component---src-pages-links-js-08126c2256b78bbcb335.js","size":979}],"filteredAssets":0,"assetsSize":28554,"filteredAuxiliaryAssets":2,"auxiliaryAssetsSize":76244},"component---src-pages-research-js":{"name":"component---src-pages-research-js","assets":[{"name":"styles.75525ba40dcb3a5aaad4.css","size":8771},{"name":"69909c6e7b756019e761c541ce859e7f7241b1bd-c43449645352fc5715be.js","size":18804},{"name":"component---src-pages-research-js-7106fd4049ba9f6e873d.js","size":1170}],"filteredAssets":0,"assetsSize":28745,"filteredAuxiliaryAssets":2,"auxiliaryAssetsSize":77031},"component---src-pages-resume-js":{"name":"component---src-pages-resume-js","assets":[{"name":"styles.75525ba40dcb3a5aaad4.css","size":8771},{"name":"69909c6e7b756019e761c541ce859e7f7241b1bd-c43449645352fc5715be.js","size":18804},{"name":"component---src-pages-resume-js-63274f3f2da98b6d54ed.js","size":987}],"filteredAssets":0,"assetsSize":28562,"filteredAuxiliaryAssets":2,"auxiliaryAssetsSize":76276}},"assetsByChunkName":{"polyfill":["webpack-runtime-ab16f18025c0824fcdf1.js","polyfill-b8a2ed3d9faff931b3bc.js"],"app":["webpack-runtime-ab16f18025c0824fcdf1.js","framework-24d6cc536db523e52aae.js","app-ec753c02d283381cd993.js"],"component---src-pages-data-js":["component---src-pages-data-js-abe560e9abc8f2859b2e.js"],"component---src-pages-index-js":["styles.75525ba40dcb3a5aaad4.css","69909c6e7b756019e761c541ce859e7f7241b1bd-c43449645352fc5715be.js","component---src-pages-index-js-911d3043bb91bfd95463.js"],"component---src-pages-links-js":["styles.75525ba40dcb3a5aaad4.css","69909c6e7b756019e761c541ce859e7f7241b1bd-c43449645352fc5715be.js","component---src-pages-links-js-08126c2256b78bbcb335.js"],"component---src-pages-research-js":["styles.75525ba40dcb3a5aaad4.css","69909c6e7b756019e761c541ce859e7f7241b1bd-c43449645352fc5715be.js","component---src-pages-research-js-7106fd4049ba9f6e873d.js"],"component---src-pages-resume-js":["styles.75525ba40dcb3a5aaad4.css","69909c6e7b756019e761c541ce859e7f7241b1bd-c43449645352fc5715be.js","component---src-pages-resume-js-63274f3f2da98b6d54ed.js"]},"childAssetsByChunkName":{}}